397;"libwebp.internal_2F_var_2F_folders_2F_6__2F_qlw7dnss3mg1fvwptzpwprt40000gn_2F_T_2F__2F_ccKRgsWU_2E_lto_2E_bc_3A_1D67CB92_2D_D5C5_2D_431B_2D_A32D_2D_D5E5853566AC.DS2"
396;"libwebp.internal_2F_var_2F_folders_2F_6__2F_qlw7dnss3mg1fvwptzpwprt40000gn_2F_T_2F__2F_ccKRgsWU_2E_lto_2E_bc_3A_1D67CB92_2D_D5C5_2D_431B_2D_A32D_2D_D5E5853566AC.DS3"
395;"libwebp.internal_2F_var_2F_folders_2F_6__2F_qlw7dnss3mg1fvwptzpwprt40000gn_2F_T_2F__2F_ccKRgsWU_2E_lto_2E_bc_3A_1D67CB92_2D_D5C5_2D_431B_2D_A32D_2D_D5E5853566AC.DS4"
394;"libwebp.internal_2F_var_2F_folders_2F_6__2F_qlw7dnss3mg1fvwptzpwprt40000gn_2F_T_2F__2F_ccKRgsWU_2E_lto_2E_bc_3A_1D67CB92_2D_D5C5_2D_431B_2D_A32D_2D_D5E5853566AC.DS5"
393;"libwebp.internal_2F_var_2F_folders_2F_6__2F_qlw7dnss3mg1fvwptzpwprt40000gn_2F_T_2F__2F_ccKRgsWU_2E_lto_2E_bc_3A_1D67CB92_2D_D5C5_2D_431B_2D_A32D_2D_D5E5853566AC.DS1"
392;"libwebp.internal_2F_var_2F_folders_2F_6__2F_qlw7dnss3mg1fvwptzpwprt40000gn_2F_T_2F__2F_ccKRgsWU_2E_lto_2E_bc_3A_1D67CB92_2D_D5C5_2D_431B_2D_A32D_2D_D5E5853566AC.DS10"
391;"libwebp.internal_2F_var_2F_folders_2F_6__2F_qlw7dnss3mg1fvwptzpwprt40000gn_2F_T_2F__2F_ccKRgsWU_2E_lto_2E_bc_3A_1D67CB92_2D_D5C5_2D_431B_2D_A32D_2D_D5E5853566AC.DS11"
390;"libwebp.internal_2F_var_2F_folders_2F_6__2F_qlw7dnss3mg1fvwptzpwprt40000gn_2F_T_2F__2F_ccKRgsWU_2E_lto_2E_bc_3A_1D67CB92_2D_D5C5_2D_431B_2D_A32D_2D_D5E5853566AC.DS12"
389;"libwebp.internal_2F_var_2F_folders_2F_6__2F_qlw7dnss3mg1fvwptzpwprt40000gn_2F_T_2F__2F_ccKRgsWU_2E_lto_2E_bc_3A_1D67CB92_2D_D5C5_2D_431B_2D_A32D_2D_D5E5853566AC.DS6"
388;"libwebp.internal_2F_var_2F_folders_2F_6__2F_qlw7dnss3mg1fvwptzpwprt40000gn_2F_T_2F__2F_ccKRgsWU_2E_lto_2E_bc_3A_1D67CB92_2D_D5C5_2D_431B_2D_A32D_2D_D5E5853566AC.DS7"
387;"AboutWindowSet"
344;"CanvasInfoSet"
340;"CapStampFontListSet"
339;"ColorPickerSet"
311;"hueCursorSet"
309;"svCursorSet"
307;"ConfirmBoxSet"
303;"FOFOCursor"
301;"EyedropperLensSet"
300;"spuitMagRing"
297;"FillPenMenuSet"
290;"FOFO"
282;"HintBoxSet"
280;"LassoMenuSet"
263;"LoadBoxSet"
252;"NumPadSet"
232;"RefLayerMenuSet"
203;"RotateCursorSet"
196;"seekBarSet"
187;"SidePanelSet"
186;"ToolMenuSet"
172;"ToolMenuSet2"
138;"ToolOptionsSet"
90;"TopMenuSet"
0;"Main"
