"name","linkageClassName","runtimeType","sourceXml"
"aboutBox","aboutBox","Sprite","aboutBox.xml"
"aboutBoxSet","aboutBoxSet","MovieClip","aboutBoxSet.xml"
"AboutWindowSet","AboutWindowSet","MovieClip","AboutWindowSet.xml"
"appInfoBar","appInfoBar","Sprite","appInfoBar.xml"
"canvasInfoBar2","canvasInfoBar","Sprite","canvasInfoBar2.xml"
"CanvasInfoSet","CanvasInfoSet","Sprite","CanvasInfoSet.xml"
"canvasResizeButton","canvasResizeButton","SimpleButton","canvasResizeButton.xml"
"capStampFontList","capStampFontList","Sprite","capStampFontList.xml"
"CapStampFontListSet","CapStampFontListSet","Sprite","CapStampFontListSet.xml"
"colorPickerBox","colorPickerBox","Sprite","colorPickerBox.xml"
"colorPickerButtons","colorPickerButtons","Sprite","colorPickerButtons.xml"
"ColorPickerSet","ColorPickerSet","Sprite","ColorPickerSet.xml"
"confirmBoxSet","ConfirmBoxSet","MovieClip","confirmBoxSet.xml"
"controlMenu","controlMenu","Sprite","controlMenu.xml"
"EyedropperLensSet","EyedropperLensSet","Sprite","EyedropperLensSet.xml"
"fillPenButtons","fillPenButtons","MovieClip","fillPenButtons.xml"
"FillPenMenuSet","FillPenMenuSet","MovieClip","FillPenMenuSet.xml"
"FOFO","FOFO","Sprite","FOFO.xml"
"fofoBottomBox","fofoBottomBox","Sprite","fofoBottomBox.xml"
"HintBoxSet","HintBoxSet","Sprite","HintBoxSet__case_variant_2.xml"
"hintBoxSet","hintBoxSet","Sprite","hintBoxSet.xml"
"hintSet","hintSet","MovieClip","hintSet.xml"
"lassoButtons","lassoButtons","Sprite","lassoButtons.xml"
"LassoMenuSet","LassoMenuSet","Sprite","LassoMenuSet.xml"
"loadBox","loadBox","Sprite","loadBox.xml"
"LoadBoxSet","LoadBoxSet","Sprite","LoadBoxSet.xml"
"mouseHintSet","mouseHintSet","Sprite","mouseHintSet.xml"
"numPadButtons","numPadButtons","MovieClip","numPadButtons.xml"
"NumPadSet","NumPadSet","MovieClip","NumPadSet.xml"
"refLayerMenuButtons","refLayerMenuButtons","MovieClip","refLayerMenuButtons.xml"
"RefLayerMenuSet","RefLayerMenuSet","MovieClip","RefLayerMenuSet.xml"
"replayTimeBar","replayTimeBar","Sprite","replayTimeBar.xml"
"ReplayTimelineSet","ReplayTimelineSet","MovieClip","ReplayTimelineSet.xml"
"rotateCursor","rotateCursor","Sprite","rotateCursor.xml"
"RotateCursorSet","RotateCursorSet","MovieClip","RotateCursorSet.xml"
"seekBarSet","seekBarSet","MovieClip","seekBarSet.xml"
"SidePanelSet","SidePanelSet","Sprite","SidePanelSet.xml"
"ToolMenuSet","ToolMenuSet","MovieClip","ToolMenuSet.xml"
"ToolMenuSet2","ToolMenuSet2","Sprite","ToolMenuSet2.xml"
"ToolOptionsSet","ToolOptionsSet","Sprite","ToolOptionsSet.xml"
"topMenu","topMenu","Sprite","topMenu.xml"
"TopMenuSet","TopMenuSet","Sprite","TopMenuSet.xml"
"ColorPickerChild/HueCursorSet","hueCursorSet","SimpleButton","colorPickerChild/HueCursorSet__case_variant_2.xml"
"colorPickerChild/HueCursorSet","hueCursorSet","SimpleButton","colorPickerChild/HueCursorSet.xml"
"ColorPickerChild/svCursor","svCursorSet","SimpleButton","colorPickerChild/svCursor__case_variant_2.xml"
"colorPickerChild/svCursor","svCursorSet","SimpleButton","colorPickerChild/svCursor.xml"
"etc/FOFOCursor","FOFOCursor","SimpleButton","etc/FOFOCursor.xml"
"etc/spuitMagRing","spuitMagRing","SimpleButton","etc/spuitMagRing.xml"
