"parent","child","instanceName","symbolType"
"aboutBox","AboutBoxChild/aboutBG","","graphic"
"aboutBox","AboutBoxChild/logo1","logo1","button"
"aboutBox","AboutBoxChild/logo2","logo2","button"
"aboutBox","AboutBoxChild/logo3","logo3","button"
"aboutBox","AboutBoxChild/logo4","logo4","button"
"aboutBox","AboutBoxChild/logo5","logo5","button"
"aboutBox","AboutBoxChild/aboutTextSet","",""
"aboutBox","AboutBoxChild/aboutTwitterButton","aboutMeLink","button"
"aboutBox","AboutBoxChild/aboutHomePageButton","aboutHomePageLink","button"
"aboutBox","AboutBoxChild/releaseNoteButton","releaseNoteButton","button"
"aboutBox","AboutBoxChild/resetappButton","resetAppButton","button"
"aboutBoxSet","AboutBoxChild/aboutBG","","graphic"
"aboutBoxSet","AboutBoxChild/logo1","logo1","button"
"aboutBoxSet","AboutBoxChild/logo2","logo2","button"
"aboutBoxSet","AboutBoxChild/logo3","logo3","button"
"aboutBoxSet","AboutBoxChild/logo4","logo4","button"
"aboutBoxSet","AboutBoxChild/logo5","logo5","button"
"aboutBoxSet","AboutBoxChild/aboutTextSet","",""
"aboutBoxSet","AboutBoxChild/aboutTwitterButton","aboutMeLink","button"
"aboutBoxSet","AboutBoxChild/aboutHomePageButton","aboutHomePageLink","button"
"aboutBoxSet","AboutBoxChild/releaseNoteButton","releaseNoteButton","button"
"aboutBoxSet","AboutBoxChild/resetappButton","resetAppButton","button"
"aboutTextSet","aboutChild/jpMaualButton","jp","button"
"aboutTextSet","aboutChild/korManualButton","kor","button"
"aboutTextSet","aboutChild/engManualButton","eng","button"
"AboutWindowSet","AboutWindowChild/aboutBG","","graphic"
"AboutWindowSet","AboutWindowChild/logo1","logo1","button"
"AboutWindowSet","AboutWindowChild/logo2","logo2","button"
"AboutWindowSet","AboutWindowChild/logo3","logo3","button"
"AboutWindowSet","AboutWindowChild/logo4","logo4","button"
"AboutWindowSet","AboutWindowChild/logo5","logo5","button"
"AboutWindowSet","AboutWindowChild/aboutTextSet","",""
"AboutWindowSet","AboutWindowChild/aboutTwitterButton","aboutMeLink","button"
"AboutWindowSet","AboutWindowChild/aboutHomePageButton","aboutHomePageLink","button"
"AboutWindowSet","AboutWindowChild/releaseNoteButton","releaseNoteButton","button"
"AboutWindowSet","AboutWindowChild/resetappButton","resetAppButton","button"
"AboutWindowSet","AboutWindowChild/aboutManualFolder","aboutManualFolder","button"
"appInfoBar","appInfoBorder","appInfoBorder","button"
"canvasInfoBar2","canvasInfoBorder","appInfoBorder","button"
"CanvasInfoSet","canvasInfoBorder","appInfoBorder","button"
"capLayer1VisibleButton","topMenuChild/topMenuButton","","button"
"capLayer1VisibleButton","capLayer1VisibleIcon","","graphic"
"capLayer2visibleButton","topMenuChild/topMenuButton","","button"
"capLayer2visibleButton","capLayer2VisibleIcon","","graphic"
"capStampFont","topMenuChild/topMenuButton","","button"
"capStampFont","capStampFontIcon","","graphic"
"capStampFontList","topMenuChild/gridMoveLeftButton","capFontListPrev","button"
"capStampFontList","topMenuChild/gridMoveRightButton","capFontListNext","button"
"CapStampFontListSet","topMenuChild/gridMoveLeftButton","capFontListPrev","button"
"CapStampFontListSet","topMenuChild/gridMoveRightButton","capFontListNext","button"
"colorPickerBox","ColorPickerChild/svCursor","svCursor","button"
"colorPickerBox","ColorPickerChild/HueCursorSet","hueCursor","button"
"colorPickerBox","ColorPickerChild/penColorButton","penColorButton","button"
"colorPickerBox","ColorPickerChild/paperColorButton","paperColorButton","button"
"colorPickerBox","ColorPickerChild/transColorButton","transColorButton","button"
"colorPickerBox","ColorPickerChild/colorPIckerIcon","swapPositionButton","button"
"colorPickerBox","ColorPickerChild/drawrPresetButton","drawrPresetButton","button"
"colorPickerBox","ColorPickerChild/tegakiPresetButton","tegakiPresetButton","button"
"colorPickerBox","ColorPickerChild/userPaletteButton","myPaletteButton","button"
"colorPickerBox","ColorPickerChild/myPaletteTransBGButton","myPaletteTransBG","button"
"colorPickerButtons","ColorPickerChild/svCursor","svCursor","button"
"colorPickerButtons","ColorPickerChild/HueCursorSet","hueCursor","button"
"colorPickerButtons","ColorPickerChild/penColorButton","penColorButton","button"
"colorPickerButtons","ColorPickerChild/paperColorButton","paperColorButton","button"
"colorPickerButtons","ColorPickerChild/transColorButton","transColorButton","button"
"colorPickerButtons","ColorPickerChild/colorPIckerIcon","swapPositionButton","button"
"colorPickerButtons","ColorPickerChild/drawrPresetButton","drawrPresetButton","button"
"colorPickerButtons","ColorPickerChild/tegakiPresetButton","tegakiPresetButton","button"
"colorPickerButtons","ColorPickerChild/userPaletteButton","myPaletteButton","button"
"colorPickerButtons","ColorPickerChild/myPaletteTransBGButton","myPaletteTransBG","button"
"ColorPickerSet","ColorPickerChild/svCursor","svCursor","button"
"ColorPickerSet","ColorPickerChild/HueCursorSet","hueCursor","button"
"ColorPickerSet","ColorPickerChild/penColorButton","penColorButton","button"
"ColorPickerSet","ColorPickerChild/paperColorButton","paperColorButton","button"
"ColorPickerSet","ColorPickerChild/transColorButton","transColorButton","button"
"ColorPickerSet","ColorPickerChild/colorPIckerIcon","swapPositionButton","button"
"ColorPickerSet","ColorPickerChild/drawrPresetButton","drawrPresetButton","button"
"ColorPickerSet","ColorPickerChild/tegakiPresetButton","tegakiPresetButton","button"
"ColorPickerSet","ColorPickerChild/userPaletteButton","myPaletteButton","button"
"ColorPickerSet","ColorPickerChild/myPaletteTransBGButton","myPaletteTransBG","button"
"confirmBoxSet","confirmButton","confirmOkButton",""
"controlBoxMoveButton1","topMenuChild/topMenuButton","","button"
"controlBoxMoveButton1","controlBoxMoveIcon","","button"
"controlBoxMoveButton2","topMenuChild/topMenuButton","","button"
"controlBoxMoveButton2","controlBoxMoveIcon","","button"
"controlMenu","PenControlBoxChild/shapeRectGrid","rectSizeSet","button"
"controlMenu","PenControlBoxChild/penSizeGuide","penSizeGuide","button"
"controlMenu","PenControlBoxChild/pixelSnapButton1","sharpLineONButton","button"
"controlMenu","PenControlBoxChild/pixelSnapButton2","sharpLineOFFButton","button"
"controlMenu","PenControlBoxChild/penBoxShapeRect","shapeRect","button"
"controlMenu","PenControlBoxChild/penboxShapeCircle","shapeCircle","button"
"controlMenu","PenControlBoxChild/pixelSnapButton1","airBrushONButton","button"
"controlMenu","PenControlBoxChild/pixelSnapButton2","airBrushOFFButton","button"
"controlMenu","PenControlBoxChild/penSizeSelectCursor","penSizeSelectCursor","button"
"controlMenu","PenControlBoxChild/shapeCircleGrid","circleSizeSet","button"
"controlMenu","PenControlBoxChild/pixelSnapText","sharpLineText","button"
"controlMenu","PenControlBoxChild/airBrushText","airBrushText","button"
"controlMenu","PenControlBoxChild/subLayerText","layer1SelectButton","button"
"controlMenu","PenControlBoxChild/subLayerText copy","layer2SelectButton","button"
"controlMenu","PenControlBoxChild/layerSwapButton","layerSwapButton","button"
"controlMenu","PenControlBoxChild/layer1MergeButton","layerMergeButton","button"
"controlMenu","PenControlBoxChild/pixelSnapButton1","layer1UncheckButton","button"
"controlMenu","PenControlBoxChild/pixelSnapButton2","layer1CheckButton","button"
"controlMenu","PenControlBoxChild/pixelSnapButton1","layer2UncheckButton","button"
"controlMenu","PenControlBoxChild/pixelSnapButton2","layer2CheckButton","button"
"controlMenu","PenControlBoxChild/saperateLine","saperateLine","button"
"controlMenu","PenControlBoxChild/alphaBG","opaGuide","button"
"controlMenu","PenControlBoxChild/penlistAlphaCursor","opaCursor","button"
"controlMenu","PenControlBoxChild/penOptionsIcon","infoPenOptions","button"
"controlMenu","PenControlBoxChild/eraserOptionsIcon","infoEraserOptions","button"
"controlMenu","PenControlBoxChild/fillPenOptionsIcon","infoFillPenOptions","button"
"controlMenu","PenControlBoxChild/lineOptionsIcon","infoLineOptions","button"
"controlMenu","PenControlBoxChild/penSmoothBar","penSmoothSlider","button"
"controlMenu","PenControlBoxChild/penSmoothControl","penSmoothSliderCursor","button"
"controlMenu","PenControlBoxChild/penOptionsRect","etcOptionBorder","button"
"cutPrevDataButton","topMenuChild/topMenuButton","","button"
"cutPrevDataButton","topMenuChild/cutPrevDataIcon","","graphic"
"DPIButton","topMenuChild/topMenuButton","","button"
"DPIButton","DPIIcon","","graphic"
"dragDropCancelButton","loadBoxChild/loadBoxMini","dragDropCancelButton","button"
"dragDropCancelButton","loadBoxChild/loadBoxMini","dragDropCancelButton","button"
"dragDropFileButton","loadBoxChild/loadBoxMini","dragDropFileButton","button"
"dragDropFileButton","loadBoxChild/loadBoxMini","dragDropFileButton","button"
"dragDropRefButton","loadBoxChild/loadBoxMini","dragDropRefButton","button"
"dragDropRefButton","loadBoxChild/loadBoxMini","dragDropRefButton","button"
"drawrPresetIcon","drawrPresetIconBorder","","graphic"
"drawrPresetIcon","ColorPickerChild/drawrText","","button"
"drawrPresetIcon","drawrPresetIconBorder","","graphic"
"drawrPresetIcon","ColorPickerChild/drawrText","","button"
"drawrPresetIcon","drawrPresetIconBorder","","graphic"
"drawrPresetIcon","ColorPickerChild/drawrText","","button"
"drawrPresetIcon","drawrPresetIconBorder","","graphic"
"drawrPresetIcon","ColorPickerChild/drawrText","","button"
"EyedropperLensSet","etc/spuitMagRing","nowColor","button"
"EyedropperLensSet","etc/spuitMagRing","oldColor","button"
"fillPenButtons","fillPenMenuChild/fillPenBG","fillPenBGTitle","button"
"fillPenButtons","fillPenMenuChild/fillPenBG","fillPenBG","button"
"fillPenButtons","fillPenMenuChild/fillPenUndoButton","fillPenUndo","button"
"fillPenButtons","fillPenMenuChild/fillPenOK","fillPenOK","button"
"fillPenButtons","fillPenMenuChild/fillPenCancel","fillPenCancel","button"
"fillPenButtons","toolmenuChild/quickSidebarButton","fillPenSidebar","button"
"fillPenCancel","toolmenuChild/toolmenuButton1","lassoResize","button"
"fillPenCancel","lassoChild/lassoCanceIcon","","graphic"
"FillPenMenuSet","fillPenSEtChild/fillPenBG","fillPenBGTitle","button"
"FillPenMenuSet","fillPenSEtChild/fillPenBG","fillPenBG","button"
"FillPenMenuSet","fillPenSEtChild/fillPenUndoButton","fillPenUndo","button"
"FillPenMenuSet","fillPenSEtChild/fillPenOK","fillPenOK","button"
"FillPenMenuSet","fillPenSEtChild/fillPenCancel","fillPenCancel","button"
"FillPenMenuSet","toolmenuChild/quickSidebarButton","fillPenSidebar","button"
"fillPenOK","toolmenuChild/toolmenuButton1","lassoResize","button"
"fillPenOK","okIcon","","graphic"
"fillPenUndoButton","toolBoxBG2","","button"
"fillPenUndoButton","toolmenuChild/icons/undoIcon","","button"
"fitToWindowButton","topMenuChild/topMenuButton","","button"
"fitToWindowButton","fitToWindowIcon","","graphic"
"FOFO","etc/fofoBottom","fofo","button"
"FOFO","etc/fofoBottom","fofo","button"
"fofoBottomBox","etc/fofoBottom","fofo","button"
"fofoBottomBox","etc/fofoBottom","fofo","button"
"lasso1pxLeft","toolmenuChild/toolmenuButton1","lassoMove","button"
"lasso1pxLeft","lasso1pxIcon","","button"
"lassoButtons","etc/bg2","lassoMenuBG","button"
"lassoButtons","LassoMenuChild/lassoMenuBG2","lassoMenuMoveButton","button"
"lassoButtons","LassoMenuChild/lassomenuBG","lassoMenuBG2","button"
"lassoButtons","LassoMenuChild/lassoOKButton","lassoOK","button"
"lassoButtons","LassoMenuChild/lassoCancelButton","lassoCancel","button"
"lassoButtons","LassoMenuChild/lassoResizeButton","lassoResize","button"
"lassoButtons","LassoMenuChild/lassoMirrorButton","lassoMirror","button"
"lassoButtons","LassoMenuChild/lassoRotateButton","lassoRotate","button"
"lassoButtons","LassoMenuChild/lasso1pxLeft","lasso1pxLeft","button"
"lassoButtons","LassoMenuChild/lasso1pxLeft","lasso1pxRight","button"
"lassoButtons","LassoMenuChild/lasso1pxLeft","lasso1pxDown","button"
"lassoButtons","LassoMenuChild/lasso1pxLeft","lasso1pxUp","button"
"lassoButtons","LassoMenuChild/lassoCopyButton","lassoCopy","button"
"lassoButtons","LassoMenuChild/lassoLayerSwap","lassoLayerSwap","button"
"lassoButtons","LassoMenuChild/lassoLayerMergeButton","lassoLayerMerge","button"
"lassoButtons","LassoMenuChild/lassoRefLayerTransferImageButton","lassoRefLayer","button"
"lassoLayerMergeButton","toolmenuChild/toolmenuButton1","traceButtonMini","button"
"lassoLayerMergeButton","lassoLayerMergeIcon","","graphic"
"lassoLayerSwap","toolmenuChild/toolmenuButton1","toolZoom","button"
"lassoLayerSwap","lassoSwapLayerIcon","","graphic"
"LassoMenuSet","etc/bg2","lassoMenuBG","button"
"LassoMenuSet","LassoMenuChild/lassoMenuBG2","lassoMenuMoveButton","button"
"LassoMenuSet","LassoMenuChild/lassomenuBG","lassoMenuBG2","button"
"LassoMenuSet","LassoMenuChild/lassoOKButton","lassoOK","button"
"LassoMenuSet","LassoMenuChild/lassoCancelButton","lassoCancel","button"
"LassoMenuSet","LassoMenuChild/lassoResizeButton","lassoResize","button"
"LassoMenuSet","LassoMenuChild/lassoMirrorButton","lassoMirror","button"
"LassoMenuSet","LassoMenuChild/lassoRotateButton","lassoRotate","button"
"LassoMenuSet","LassoMenuChild/lasso1pxLeft","lasso1pxLeft","button"
"LassoMenuSet","LassoMenuChild/lasso1pxLeft","lasso1pxRight","button"
"LassoMenuSet","LassoMenuChild/lasso1pxLeft","lasso1pxDown","button"
"LassoMenuSet","LassoMenuChild/lasso1pxLeft","lasso1pxUp","button"
"LassoMenuSet","LassoMenuChild/lassoCopyButton","lassoCopy","button"
"LassoMenuSet","LassoMenuChild/lassoLayerSwap","lassoLayerSwap","button"
"LassoMenuSet","LassoMenuChild/lassoLayerMergeButton","lassoLayerMerge","button"
"LassoMenuSet","LassoMenuChild/lassoRefLayerTransferImageButton","lassoRefLayer","button"
"lassoTraceButton","toolmenuChild/toolmenuButton1","traceButtonMini","button"
"lassoTraceButton","topMenuChild/traceIconTrace","","graphic"
"layer1MergeButton","layerOptionsBG","","graphic"
"layer1MergeButton","layer1MergeIcon","","graphic"
"layer1MergeButton","layerOptionsBG","","graphic"
"layer1MergeButton","layer1MergeIcon","","graphic"
"layer1MergeButton","layerOptionsBG","","graphic"
"layer1MergeButton","layer1MergeIcon","","graphic"
"layer1MergeButton","layerOptionsBG","","graphic"
"layer1MergeButton","layer1MergeIcon","","graphic"
"layerSwapButton","layerOptionsBG","","graphic"
"layerSwapButton","layerSwapIcon","","graphic"
"layerSwapButton","layerOptionsBG","","graphic"
"layerSwapButton","layerSwapIcon","","graphic"
"layerSwapButton","layerOptionsBG","","graphic"
"layerSwapButton","layerSwapIcon","","graphic"
"layerSwapButton","layerOptionsBG","","graphic"
"layerSwapButton","layerSwapIcon","","graphic"
"loadBox","LoadBoxChild/dragDropFileButton","dragDropLoadButton","button"
"loadBox","LoadBoxChild/dragDropRefButton","dragDropLoadRefLayerButton","button"
"loadBox","LoadBoxChild/dragDropCancelButton","dragDropCancelButton","button"
"loadBox","LoadBoxChild/dragDropFileSaveButton","dragDropSaveAndLoadButton","button"
"LoadBoxSet","LoadBoxChild/dragDropFileButton","dragDropLoadButton","button"
"LoadBoxSet","LoadBoxChild/dragDropRefButton","dragDropLoadRefLayerButton","button"
"LoadBoxSet","LoadBoxChild/dragDropCancelButton","dragDropCancelButton","button"
"LoadBoxSet","LoadBoxChild/dragDropFileSaveButton","dragDropSaveAndLoadButton","button"
"newWindowButton","topMenuChild/topMenuButton","","button"
"newWindowButton","newWindowIcon","","graphic"
"newWindowCloseButton","topMenuChild/topMenuButton","","button"
"newWindowCloseButton","newWindowCloseIcon","","graphic"
"numPadButtons","numpadChild/numpadButton","numInc","button"
"numPadButtons","numpadChild/numpadButton","num0","button"
"numPadButtons","numpadChild/numpadButton","numDec","button"
"numPadButtons","numpadChild/numpadButton","num9","button"
"numPadButtons","numpadChild/numpadButton","num8","button"
"numPadButtons","numpadChild/numpadButton","num7","button"
"numPadButtons","numpadChild/numpadButton","oklchBG","button"
"numPadButtons","numpadChild/numpadButton","num6","button"
"numPadButtons","numpadChild/numpadButton","num5","button"
"numPadButtons","numpadChild/numpadButton","num4","button"
"numPadButtons","numpadChild/numpadButton","numHexCopyBG","button"
"numPadButtons","numpadChild/numpadButton","num3","button"
"numPadButtons","numpadChild/numpadButton","num2","button"
"numPadButtons","numpadChild/numpadButton","num1","button"
"numPadButtons","numpadChild/numPadBorder","","graphic"
"NumPadSet","numpadChild/numpadButton","numInc","button"
"NumPadSet","numpadChild/numpadButton","num0","button"
"NumPadSet","numpadChild/numpadButton","numDec","button"
"NumPadSet","numpadChild/numpadButton","num9","button"
"NumPadSet","numpadChild/numpadButton","num8","button"
"NumPadSet","numpadChild/numpadButton","num7","button"
"NumPadSet","numpadChild/numpadButton","oklchBG","button"
"NumPadSet","numpadChild/numpadButton","num6","button"
"NumPadSet","numpadChild/numpadButton","num5","button"
"NumPadSet","numpadChild/numpadButton","num4","button"
"NumPadSet","numpadChild/numpadButton","numClip","button"
"NumPadSet","numpadChild/numpadButton","num3","button"
"NumPadSet","numpadChild/numpadButton","num2","button"
"NumPadSet","numpadChild/numpadButton","num1","button"
"NumPadSet","numpadChild/numPadBorder","","graphic"
"paperColorButton","paperColorButtonBorder","","graphic"
"paperColorButton","paperColorButtonBorder","","graphic"
"paperColorButton","paperColorButtonBorder","","graphic"
"paperColorButton","paperColorButtonBorder","","graphic"
"penColorButton","penColoButtonBorder","","graphic"
"penColorButton","penColoButtonBorder","","graphic"
"penColorButton","penColoButtonBorder","","graphic"
"penColorButton","penColoButtonBorder","","graphic"
"penSmoothSliderSet","controlBoxChild/penSmoothBar","penSmoothBar","button"
"penSmoothSliderSet","pboxChild/penSmoothControl","penSmoothButton","button"
"penSmoothSliderSet","pboxChild/penSmoothSlider","penSmoothSlider","button"
"refLayerMenuButtons","etc/refLayerMenuMoveButton","refLayerMenuMoveButton","button"
"refLayerMenuButtons","etc/bg2","refLayerMenuBGLeft","button"
"refLayerMenuButtons","topMenuChild/refMenuBG","refLayerMenuBGRight","button"
"refLayerMenuButtons","refLayerMenuChild/refOpacityBar","refOpacityBar","button"
"refLayerMenuButtons","refLayerMenuChild/refOpacityCursor","refOpacityCursor","button"
"refLayerMenuButtons","refLayerMenuChild/refMenuButtonWrapper","refOpacitySliderWrapper","button"
"refLayerMenuButtons","refLayerMenuChild/refClipBoardButton","refClipBoardButton","button"
"refLayerMenuButtons","LassoMenuChild/refResizeImageButton","refResizeImageButton","button"
"refLayerMenuButtons","refLayerMenuChild/refLoadImageButton","refLoadImageButton","button"
"refLayerMenuButtons","LassoMenuChild/refMoveImageButton","refMoveImageButton","button"
"refLayerMenuButtons","LassoMenuChild/refMirrorImageButton","refMirrorImageButton","button"
"refLayerMenuButtons","LassoMenuChild/refRotateImageButton","refRotateImageButton","button"
"refLayerMenuButtons","refLayerMenuChild/refTransferCanvasImageButton","refTransferCanvasImageButton","button"
"refLayerMenuButtons","toolmenuChild/toolMenuClose","refMenuCloseButton","button"
"refLayerMenuButtons","refLayerMenuChild/refMemoryTrainingClosedEye","refMemoryTrainingOnButton","button"
"refLayerMenuButtons","refLayerMenuChild/refMemoryTrainingOpenedEye","refMemoryTrainingOffButton","button"
"refLayerMenuButtons","refLayerMenuChild/refClearImageButton","refClearImageButton","button"
"RefLayerMenuSet","etc/refLayerMenuMoveButton","refLayerMenuMoveButton","button"
"RefLayerMenuSet","etc/bg2","refLayerMenuBGLeft","button"
"RefLayerMenuSet","topMenuChild/refMenuBG","refLayerMenuBGRight","button"
"RefLayerMenuSet","refLayerMenuChild/refOpacityBar","refOpacityBar","button"
"RefLayerMenuSet","refLayerMenuChild/refOpacityCursor","refOpacityCursor","button"
"RefLayerMenuSet","refLayerMenuChild/refMenuButtonWrapper","refOpacitySliderWrapper","button"
"RefLayerMenuSet","refLayerMenuChild/refClipBoardButton","refClipBoardButton","button"
"RefLayerMenuSet","LassoMenuChild/refResizeImageButton","refResizeImageButton","button"
"RefLayerMenuSet","refLayerMenuChild/refLoadImageButton","refLoadImageButton","button"
"RefLayerMenuSet","LassoMenuChild/refMoveImageButton","refMoveImageButton","button"
"RefLayerMenuSet","LassoMenuChild/refMirrorImageButton","refMirrorImageButton","button"
"RefLayerMenuSet","LassoMenuChild/refRotateImageButton","refRotateImageButton","button"
"RefLayerMenuSet","refLayerMenuChild/refTransferCanvasImageButton","refTransferCanvasImageButton","button"
"RefLayerMenuSet","toolmenuChild/toolMenuClose","refMenuCloseButton","button"
"RefLayerMenuSet","refLayerMenuChild/refMemoryTrainingClosedEye","refMemoryTrainingOnButton","button"
"RefLayerMenuSet","refLayerMenuChild/refMemoryTrainingOpenedEye","refMemoryTrainingOffButton","button"
"RefLayerMenuSet","refLayerMenuChild/refClearImageButton","refClearImageButton","button"
"replayRepeatButton","topMenuChild/topMenuButton","","button"
"replayRepeatButton","repeatIcon","","graphic"
"replayRotate","topMenuChild/topMenuButton","","button"
"replayRotate","lassoChild/rotateIcon2","","graphic"
"replayTimeBar","topMenuChild/pauseButton","pauseButton","button"
"replayTimeBar","topMenuChild/playButton","playButton","button"
"replayTimeBar","topMenuChild/replayTimeOneFrame","replayNext","button"
"replayTimeBar","topMenuChild/replayTimeOneFrame copy","replayPrev","button"
"ReplayTimelineSet","topMenuChild/pauseButton","pauseButton","button"
"ReplayTimelineSet","topMenuChild/playButton","playButton","button"
"ReplayTimelineSet","topMenuChild/replayTimeOneFrame","replayNext","button"
"ReplayTimelineSet","topMenuChild/replayTimeOneFrame copy","replayPrev","button"
"rotateCursor","rotateCursorChild/rotateArrow","rotateArrow","button"
"rotateCursor","rotateCursorChild/rotateBG","rotateBG","button"
"rotateCursor","rotateCursorChild/rotateCircle","rotateCircle","button"
"RotateCursorSet","rotateCursorChild/rotateArrow","rotateArrow","button"
"RotateCursorSet","rotateCursorChild/rotateBG","rotateBG","button"
"RotateCursorSet","rotateCursorChild/rotateCircle","rotateCircle","button"
"seekBarSet","topMenuChild/pauseButton","pauseButton","button"
"seekBarSet","topMenuChild/playButton","playButton","button"
"seekBarSet","topMenuChild/replayTimeOneFrame","replayNext","button"
"seekBarSet","topMenuChild/replayTimeOneFrame copy","replayPrev","button"
"sideBarOnButton","topMenuChild/topMenuButton","","button"
"sideBarOnButton","sideBarONIcon","side","button"
"sideBarONButton2","topMenuChild/topMenuButton","","button"
"sideBarONButton2","sideBarONIcon","side","button"
"sideBarVisibleButton","topMenuChild/topMenuButton","","button"
"sideBarVisibleButton","sidebarVisibleIcon","","graphic"
"sideBarVisibleButton2","topMenuChild/topMenuButton","","button"
"sideBarVisibleButton2","sidebarVisibleIcon","","graphic"
"subLayerText copy","layerOptionsBG","","graphic"
"subLayerText copy","layer2TextIcon","","graphic"
"subLayerText copy","layerOptionsBG","","graphic"
"subLayerText copy","layer2TextIcon","","graphic"
"subLayerText copy","layerOptionsBG","","graphic"
"subLayerText copy","layer2TextIcon","","graphic"
"subLayerText copy","layerOptionsBG","","graphic"
"subLayerText copy","layer2TextIcon","","graphic"
"subLayerText","layerOptionsBG","","graphic"
"subLayerText","layer1TextIcon","","graphic"
"subLayerText","layerOptionsBG","","graphic"
"subLayerText","layer1TextIcon","","graphic"
"subLayerText","layerOptionsBG","","graphic"
"subLayerText","layer1TextIcon","","graphic"
"subLayerText","layerOptionsBG","","graphic"
"subLayerText","layer1TextIcon","","graphic"
"tegakiPreset0","pboxChild/colorpreset","","button"
"tegakiPreset0","pboxChild/colorpreset","","button"
"tegakiPreset1","pboxChild/colorpreset","","button"
"tegakiPreset1","pboxChild/colorpreset","","button"
"tegakiPreset2","pboxChild/colorpreset","","button"
"tegakiPreset2","pboxChild/colorpreset","","button"
"tegakiPreset3","pboxChild/colorpreset","","button"
"tegakiPreset3","pboxChild/colorpreset","","button"
"tegakiPreset4","pboxChild/colorpreset","","button"
"tegakiPreset4","pboxChild/colorpreset","","button"
"toolFillPenButton","toolBoxBG2","","button"
"toolFillPenButton","toolmenuChild/toolFillPenIcon","","graphic"
"toolHand","toolmenuChild/toolBoxBG2","","button"
"toolHand","toolmenuChild/toolHandIcon","","graphic"
"ToolMenuSet","toolmenuChild/toolPenButton","toolPen","button"
"ToolMenuSet","toolmenuChild/moveButton","toolMove","button"
"ToolMenuSet","toolmenuChild/redoButton","toolRedo","button"
"ToolMenuSet","toolmenuChild/rotateButton","toolRotate","button"
"ToolMenuSet","toolmenuChild/spuitButton","toolEyedropper","button"
"ToolMenuSet","toolmenuChild/mirrorButton","toolMirror","button"
"ToolMenuSet","toolmenuChild/lassoButton","toolLasso","button"
"ToolMenuSet","toolmenuChild/lineButton2","toolLine","button"
"ToolMenuSet","toolmenuChild/toolEraseButton","toolEraser","button"
"ToolMenuSet","topMenuChild/refLayerMenuButton","toolRefLayer","button"
"ToolMenuSet","toolmenuChild/toolFillPenButton","toolFillPen","button"
"ToolMenuSet","toolmenuChild/zoomInButton","toolZoomIn","button"
"ToolMenuSet","toolmenuChild/zoomOutButton","toolZoomOut","button"
"ToolMenuSet","toolmenuChild/toolSelectCursor","toolSelectCursor","button"
"ToolMenuSet","toolmenuChild/undoButton","toolUndo","button"
"ToolMenuSet","LassoMenuChild/lassoOKButton","toolFillPenOK","button"
"ToolMenuSet","LassoMenuChild/lassoCancelButton","toolFillPenCancel","button"
"ToolMenuSet","toolHand","toolHand","button"
"ToolMenuSet2","toolmenuChild/icons/toolBoxBGLight","toolBoxBG2","button"
"ToolMenuSet2","etc/bg2","toolBoxBG","button"
"ToolMenuSet2","toolmenuChild/zoomButton","toolZoom","button"
"ToolMenuSet2","toolmenuChild/toolPenButton","toolPen","button"
"ToolMenuSet2","toolmenuChild/undoButton","toolUndo","button"
"ToolMenuSet2","toolmenuChild/moveButton","toolMove","button"
"ToolMenuSet2","toolmenuChild/redoButton","toolRedo","button"
"ToolMenuSet2","toolmenuChild/rotateButton","toolRotate2","button"
"ToolMenuSet2","toolmenuChild/spuitButton","toolEyedropper","button"
"ToolMenuSet2","toolmenuChild/mirrorButton","toolMirror","button"
"ToolMenuSet2","toolmenuChild/lassoButton","toolLasso","button"
"ToolMenuSet2","toolmenuChild/lineButton2","toolLine","button"
"ToolMenuSet2","toolmenuChild/toolEraseButton","toolEraser","button"
"ToolMenuSet2","topMenuChild/refLayerMenuButton","toolRefLayer","button"
"ToolMenuSet2","toolmenuChild/toolFillPenButton","toolFillPen","button"
"ToolMenuSet2","toolmenuChild/quickSidebarButton","toolQuickSidebar","button"
"ToolOptionsSet","PenControlBoxChild/shapeRectGrid","rectSizeSet","button"
"ToolOptionsSet","PenControlBoxChild/penSizeGuide","penSizeGuide","button"
"ToolOptionsSet","PenControlBoxChild/pixelSnapButton1","sharpLineONButton","button"
"ToolOptionsSet","PenControlBoxChild/pixelSnapButton2","sharpLineOFFButton","button"
"ToolOptionsSet","PenControlBoxChild/penBoxShapeRect","shapeRect","button"
"ToolOptionsSet","PenControlBoxChild/penboxShapeCircle","shapeCircle","button"
"ToolOptionsSet","PenControlBoxChild/pixelSnapButton1","airBrushONButton","button"
"ToolOptionsSet","PenControlBoxChild/pixelSnapButton2","airBrushOFFButton","button"
"ToolOptionsSet","PenControlBoxChild/penSizeSelectCursor","penSizeSelectCursor","button"
"ToolOptionsSet","PenControlBoxChild/shapeCircleGrid","circleSizeSet","button"
"ToolOptionsSet","PenControlBoxChild/pixelSnapText","sharpLineText","button"
"ToolOptionsSet","PenControlBoxChild/airBrushText","airBrushText","button"
"ToolOptionsSet","PenControlBoxChild/subLayerText","layer1SelectButton","button"
"ToolOptionsSet","PenControlBoxChild/subLayerText copy","layer2SelectButton","button"
"ToolOptionsSet","PenControlBoxChild/layerSwapButton","layerSwapButton","button"
"ToolOptionsSet","PenControlBoxChild/layer1MergeButton","layerMergeButton","button"
"ToolOptionsSet","PenControlBoxChild/pixelSnapButton1","layer1UncheckedButton","button"
"ToolOptionsSet","PenControlBoxChild/pixelSnapButton2","layer1CheckedButton","button"
"ToolOptionsSet","PenControlBoxChild/pixelSnapButton1","layer2UncheckedButton","button"
"ToolOptionsSet","PenControlBoxChild/pixelSnapButton2","layer2CheckedButton","button"
"ToolOptionsSet","PenControlBoxChild/saperateLine","saperateLine","button"
"ToolOptionsSet","PenControlBoxChild/alphaBG","opaGuide","button"
"ToolOptionsSet","PenControlBoxChild/penlistAlphaCursor","opaCursor","button"
"ToolOptionsSet","PenControlBoxChild/penOptionsIcon","infoPenOptions","button"
"ToolOptionsSet","PenControlBoxChild/eraserOptionsIcon","infoEraserOptions","button"
"ToolOptionsSet","PenControlBoxChild/fillPenOptionsIcon","infoFillPenOptions","button"
"ToolOptionsSet","PenControlBoxChild/lineOptionsIcon","infoLineOptions","button"
"ToolOptionsSet","PenControlBoxChild/penSmoothBar","penSmoothSlider","button"
"ToolOptionsSet","PenControlBoxChild/penSmoothControl","penSmoothSliderCursor","button"
"ToolOptionsSet","PenControlBoxChild/penOptionsRect","etcOptionBorder","button"
"topBarZoomInButton","topMenuChild/topMenuButton","","button"
"topBarZoomInButton","toolmenuChild/icons/zoomIcon copy","","graphic"
"topBarZoomOutButton","topMenuChild/topMenuButton","","button"
"topBarZoomOutButton","toolmenuChild/icons/zoomIcon copy 2","","graphic"
"topMenu","topMenuChild/setImageButton","superUndoButton","button"
"topMenu","topMenuChild/newFileButton","newFileButton","button"
"topMenu","topMenuChild/captureButton","captureButton","button"
"topMenu","topMenuChild/capFlip","capFlip","button"
"topMenu","topMenuChild/capRotateButton","capRotate","button"
"topMenu","topMenuChild/capCancelButton","capOff","button"
"topMenu","topMenuChild/saveButton","saveButton","button"
"topMenu","topMenuChild/loadButton","loadButton","button"
"topMenu","topMenuChild/replayModeButton","replayModeButton","button"
"topMenu","topMenuChild/changeThemeButton","topBarColorButton","button"
"topMenu","topMenuChild/captrans","capTrans","button"
"topMenu","topMenuChild/captureButton","capFull","button"
"topMenu","topMenuChild/clipbutton","clipBoardButton","button"
"topMenu","topMenuChild/gridButton","gridButton","button"
"topMenu","topMenuChild/captureButton","repCaptureButton","button"
"topMenu","topMenuChild/saveButton","repSaveButton","button"
"topMenu","topMenuChild/loadButton","repLoadButton","button"
"topMenu","topMenuChild/controlBoxMoveButton1","sideBarPositionButton","button"
"topMenu","topMenuChild/drawModeButton","drawModeButton","button"
"topMenu","topMenuChild/aboutONButton2","aboutButton","button"
"topMenu","topMenuChild/cutPrevDataButton","cutPrevDataButton","button"
"topMenu","topMenuChild/replayRotate","replayRotateButton","button"
"topMenu","PenControlBoxChild/penSmoothBar","replaySpeedSlider","button"
"topMenu","PenControlBoxChild/penSmoothControl","replaySpeedSliderCursor","button"
"topMenu","topMenuChild/topBarZoomInButton","replayZoomInButton","button"
"topMenu","topMenuChild/topBarZoomOutButton","replayZoomOutButton","button"
"topMenu","topMenuChild/controlBoxMoveButton2","sideBarPositionButton2","button"
"topMenu","topMenuChild/sideBarVisibleButton","sideBarOFFButton","button"
"topMenu","topMenuChild/sideBarVisibleButton2","sideBarOFFButton2","button"
"topMenu","topMenuChild/updateButton","updateButton","button"
"topMenu","topMenuChild/sideBarOnButton","sideBarONButton","button"
"topMenu","topMenuChild/sideBarONButton2","sideBarONButton2","button"
"topMenu","topMenuChild/DPIButton","dpiButton","button"
"topMenu","topMenuChild/clipbutton","capClipBoard","button"
"topMenu","topMenuChild/capLayer2visibleButton","capLayer2VisibleButton","button"
"topMenu","topMenuChild/capLayer1VisibleButton","capLayer1VisibleButton","button"
"topMenu","topMenuChild/newWindowButton","newWindowButton","button"
"topMenu","topMenuChild/newWindowCloseButton","newWindowCloseButton","button"
"topMenu","topMenuChild/newFileButton","reRecordingButton","button"
"topMenu","topMenuChild/fitToWindowButton","replayFitToWindowButton","button"
"topMenu","topMenuChild/gridMoveLeftButton","gridMoveLeftButton","button"
"topMenu","topMenuChild/gridMoveUpButton","gridMoveUpButton","button"
"topMenu","topMenuChild/gridMoveRightButton","gridMoveRightButton","button"
"topMenu","topMenuChild/gridMoveDownButton","gridMoveDownButton","button"
"topMenu","PenControlBoxChild/penSmoothBar","gridSlider","button"
"topMenu","PenControlBoxChild/penSmoothControl","gridSliderCursor","button"
"topMenu","topMenuChild/capStampButton","capStamp","button"
"topMenu","topMenuChild/captureInputBorder","captureInputBorder","button"
"topMenu","topMenuChild/replayRepeatButton","replayRepeatButton","button"
"topMenu","topMenuChild/capStampFont","capStampFont","button"
"TopMenuSet","topMenuChild/setImageButton","superUndoButton","button"
"TopMenuSet","topMenuChild/newFileButton","newFileButton","button"
"TopMenuSet","topMenuChild/captureButton","captureButton","button"
"TopMenuSet","topMenuChild/capFlip","capFlip","button"
"TopMenuSet","topMenuChild/capRotateButton","capRotate","button"
"TopMenuSet","topMenuChild/capCancelButton","capOff","button"
"TopMenuSet","topMenuChild/saveButton","saveButton","button"
"TopMenuSet","topMenuChild/loadButton","loadButton","button"
"TopMenuSet","topMenuChild/replayModeButton","replayModeButton","button"
"TopMenuSet","topMenuChild/changeThemeButton","topBarColorButton","button"
"TopMenuSet","topMenuChild/captrans","capTrans","button"
"TopMenuSet","topMenuChild/captureButton","capSave","button"
"TopMenuSet","topMenuChild/clipbutton","clipBoardButton","button"
"TopMenuSet","topMenuChild/gridButton","gridButton","button"
"TopMenuSet","topMenuChild/captureButton","repCaptureButton","button"
"TopMenuSet","topMenuChild/controlBoxMoveButton1","sideBarPositionButton","button"
"TopMenuSet","topMenuChild/drawModeButton","drawModeButton","button"
"TopMenuSet","topMenuChild/aboutONButton2","aboutButton","button"
"TopMenuSet","topMenuChild/cutPrevDataButton","cutPrevDataButton","button"
"TopMenuSet","topMenuChild/replayRotate","replayRotateButton","button"
"TopMenuSet","PenControlBoxChild/penSmoothBar","replaySpeedSlider","button"
"TopMenuSet","PenControlBoxChild/penSmoothControl","replaySpeedSliderCursor","button"
"TopMenuSet","topMenuChild/topBarZoomInButton","replayZoomInButton","button"
"TopMenuSet","topMenuChild/topBarZoomOutButton","replayZoomOutButton","button"
"TopMenuSet","topMenuChild/controlBoxMoveButton2","sideBarPositionButton2","button"
"TopMenuSet","topMenuChild/sideBarVisibleButton","sideBarOFFButton","button"
"TopMenuSet","topMenuChild/sideBarVisibleButton2","sideBarOFFButton2","button"
"TopMenuSet","topMenuChild/updateButton","updateButton","button"
"TopMenuSet","topMenuChild/sideBarOnButton","sideBarONButton","button"
"TopMenuSet","topMenuChild/sideBarONButton2","sideBarONButton2","button"
"TopMenuSet","topMenuChild/DPIButton","dpiButton","button"
"TopMenuSet","topMenuChild/clipbutton","capClipBoard","button"
"TopMenuSet","topMenuChild/capLayer2visibleButton","capLayer2VisibleButton","button"
"TopMenuSet","topMenuChild/capLayer1VisibleButton","capLayer1VisibleButton","button"
"TopMenuSet","topMenuChild/newWindowButton","newWindowButton","button"
"TopMenuSet","topMenuChild/newWindowCloseButton","newWindowCloseButton","button"
"TopMenuSet","topMenuChild/newFileButton","repNewFileButton","button"
"TopMenuSet","topMenuChild/fitToWindowButton","replayFitToWindowButton","button"
"TopMenuSet","topMenuChild/gridMoveLeftButton","gridMoveLeftButton","button"
"TopMenuSet","topMenuChild/gridMoveUpButton","gridMoveUpButton","button"
"TopMenuSet","topMenuChild/gridMoveRightButton","gridMoveRightButton","button"
"TopMenuSet","topMenuChild/gridMoveDownButton","gridMoveDownButton","button"
"TopMenuSet","PenControlBoxChild/penSmoothBar","gridSlider","button"
"TopMenuSet","PenControlBoxChild/penSmoothControl","gridSliderCursor","button"
"TopMenuSet","topMenuChild/capStampButton","capStamp","button"
"TopMenuSet","topMenuChild/captureInputBorder","captureInputBorder","button"
"TopMenuSet","topMenuChild/replayRepeatButton","replayRepeatButton","button"
"TopMenuSet","topMenuChild/capStampFont","capStampFont","button"
"traceDeleteButton","toolmenuChild/toolmenuButton1","","button"
"traceDeleteButton","trashIcon","","graphic"
"traceVisible2Button","toolmenuChild/toolmenuButton1","","button"
"traceVisible2Button","traceInVisibleIcon","","graphic"
"traceVisibleButton","toolmenuChild/toolmenuButton1","","button"
"traceVisibleButton","traceVisibleIcon","","graphic"
"updateButton","topMenuChild/topMenuButton","","button"
"updateButton","updateIcon","","graphic"
"zoomInButton","toolBoxBG2","","button"
"zoomInButton","toolmenuChild/icons/zoomIcon copy","","graphic"
"zoomOutButton","toolBoxBG2","","button"
"zoomOutButton","toolmenuChild/icons/zoomIcon copy 2","","graphic"
"aboutChild/aboutTextSet","aboutChild/jpMaualButton","jp","button"
"aboutChild/aboutTextSet","aboutChild/korManualButton","kor","button"
"aboutChild/aboutTextSet","aboutChild/engManualButton","eng","button"
"AboutWindowChild/aboutTextSet","AboutWindowChild/jpMaualButton","jp","button"
"AboutWindowChild/aboutTextSet","AboutWindowChild/korManualButton","kor","button"
"AboutWindowChild/aboutTextSet","AboutWindowChild/engManualButton","eng","button"
"ColorPickerChild/colorPIckerIcon","ColorPickerChild/colorPickerTitleBG","","graphic"
"ColorPickerChild/colorPIckerIcon","ColorPickerChild/colorPickerTitleIcon","","graphic"
"ColorPickerChild/colorPIckerIcon","ColorPickerChild/colorPickerTitleBG","","graphic"
"ColorPickerChild/colorPIckerIcon","ColorPickerChild/colorPickerTitleIcon","","graphic"
"ColorPickerChild/colorPIckerIcon","ColorPickerChild/colorPickerTitleBG","","graphic"
"ColorPickerChild/colorPIckerIcon","ColorPickerChild/colorPickerTitleIcon","","graphic"
"ColorPickerChild/colorPIckerIcon","ColorPickerChild/colorPickerTitleBG","","graphic"
"ColorPickerChild/colorPIckerIcon","ColorPickerChild/colorPickerTitleIcon","","graphic"
"ColorPickerChild/drawrPresetButton","ColorPickerChild/drawrPresetBorder","","graphic"
"ColorPickerChild/drawrPresetButton","ColorPickerChild/drawrText","","button"
"ColorPickerChild/drawrPresetButton","ColorPickerChild/drawrPresetBorder","","graphic"
"ColorPickerChild/drawrPresetButton","ColorPickerChild/drawrText","","button"
"ColorPickerChild/drawrPresetButton","ColorPickerChild/drawrPresetBorder","","graphic"
"ColorPickerChild/drawrPresetButton","ColorPickerChild/drawrText","","button"
"ColorPickerChild/drawrPresetButton","ColorPickerChild/drawrPresetBorder","","graphic"
"ColorPickerChild/drawrPresetButton","ColorPickerChild/drawrText","","button"
"ColorPickerChild/paperColorButton","ColorPickerChild/paperColorButtonBorder","","graphic"
"ColorPickerChild/paperColorButton","ColorPickerChild/paperButtonIcon","","graphic"
"ColorPickerChild/paperColorButton","ColorPickerChild/paperColorButtonBorder","","graphic"
"ColorPickerChild/paperColorButton","ColorPickerChild/paperButtonIcon","","graphic"
"ColorPickerChild/paperColorButton","ColorPickerChild/paperColorButtonBorder","","graphic"
"ColorPickerChild/paperColorButton","ColorPickerChild/paperButtonIcon","","graphic"
"ColorPickerChild/paperColorButton","ColorPickerChild/paperColorButtonBorder","","graphic"
"ColorPickerChild/paperColorButton","ColorPickerChild/paperButtonIcon","","graphic"
"colorPickerChild/paperColorButton","colorPickerChild/paperColorButtonBorder","","graphic"
"colorPickerChild/paperColorButton","colorPickerChild/paperColorButtonBorder","","graphic"
"colorPickerChild/paperColorButton","colorPickerChild/paperColorButtonBorder","","graphic"
"colorPickerChild/paperColorButton","colorPickerChild/paperColorButtonBorder","","graphic"
"ColorPickerChild/penColorButton","ColorPickerChild/penColorButtonBorder","","graphic"
"ColorPickerChild/penColorButton","ColorPickerChild/penButtonIcon","","graphic"
"ColorPickerChild/penColorButton","ColorPickerChild/penColorButtonBorder","","graphic"
"ColorPickerChild/penColorButton","ColorPickerChild/penButtonIcon","","graphic"
"ColorPickerChild/penColorButton","ColorPickerChild/penColorButtonBorder","","graphic"
"ColorPickerChild/penColorButton","ColorPickerChild/penButtonIcon","","graphic"
"ColorPickerChild/penColorButton","ColorPickerChild/penColorButtonBorder","","graphic"
"ColorPickerChild/penColorButton","ColorPickerChild/penButtonIcon","","graphic"
"colorPickerChild/penColorButton","colorPickerChild/penColorButtonBorder","","graphic"
"colorPickerChild/penColorButton","colorPickerChild/penColorButtonBorder","","graphic"
"colorPickerChild/penColorButton","colorPickerChild/penColorButtonBorder","","graphic"
"colorPickerChild/penColorButton","colorPickerChild/penColorButtonBorder","","graphic"
"ColorPickerChild/tegakiPresetButton","ColorPickerChild/tegakiText","","button"
"ColorPickerChild/tegakiPresetButton","ColorPickerChild/tegakPresetBorder","","button"
"ColorPickerChild/tegakiPresetButton","ColorPickerChild/tegakiText","","button"
"ColorPickerChild/tegakiPresetButton","ColorPickerChild/tegakPresetBorder","","button"
"ColorPickerChild/tegakiPresetButton","ColorPickerChild/tegakiText","","button"
"ColorPickerChild/tegakiPresetButton","ColorPickerChild/tegakPresetBorder","","button"
"ColorPickerChild/tegakiPresetButton","ColorPickerChild/tegakiText","","button"
"ColorPickerChild/tegakiPresetButton","ColorPickerChild/tegakPresetBorder","","button"
"ColorPickerChild/userPaletteButton","ColorPickerChild/userPaletteBorder","","button"
"ColorPickerChild/userPaletteButton","ColorPickerChild/colorHistoryText","","button"
"ColorPickerChild/userPaletteButton","ColorPickerChild/userPaletteBorder","","button"
"ColorPickerChild/userPaletteButton","ColorPickerChild/colorHistoryText","","button"
"ColorPickerChild/userPaletteButton","ColorPickerChild/userPaletteBorder","","button"
"ColorPickerChild/userPaletteButton","ColorPickerChild/colorHistoryText","","button"
"ColorPickerChild/userPaletteButton","ColorPickerChild/userPaletteBorder","","button"
"ColorPickerChild/userPaletteButton","ColorPickerChild/colorHistoryText","","button"
"etc/FOFOCursor","etc/tinyCursorGraphic","","graphic"
"fillPenSEtChild/fillPenCancel","toolmenuChild/toolmenuButton1","lassoResize","button"
"fillPenSEtChild/fillPenCancel","LassoMenuChild/lassoCanceIcon","","graphic"
"fillPenSEtChild/fillPenOK","toolmenuChild/toolmenuButton1","lassoResize","button"
"fillPenSEtChild/fillPenOK","LassoMenuChild/okIcon","","graphic"
"fillPenSEtChild/fillPenUndoButton","toolmenuChild/toolBoxBG2","","button"
"fillPenSEtChild/fillPenUndoButton","toolmenuChild/icons/undoIcon","","button"
"LassoMenuChild/lasso1pxLeft","toolmenuChild/toolmenuButton1","lassoMove","button"
"LassoMenuChild/lasso1pxLeft","LassoMenuChild/lasso1pxIcon","","button"
"lassoMenuChild/lasso1pxLeft","toolmenuChild/toolmenuButton1","lassoMove","button"
"lassoMenuChild/lasso1pxLeft","lassoMenuChild/lasso1pxIcon","","button"
"LassoMenuChild/lassoCanceIcon","LassoMenuChild/cancelIcon","","graphic"
"lassoMenuChild/lassoCanceIcon","lassoMenuChild/cancelIcon","","graphic"
"LassoMenuChild/lassoCancelButton","toolmenuChild/toolmenuButton1","lassoResize","button"
"LassoMenuChild/lassoCancelButton","LassoMenuChild/lassoCanceIcon","","graphic"
"lassoMenuChild/lassoCancelButton","toolmenuChild/toolmenuButton1","lassoResize","button"
"lassoMenuChild/lassoCancelButton","lassoMenuChild/lassoCanceIcon","","graphic"
"LassoMenuChild/lassoCopyButton","toolmenuChild/toolmenuButton1","lassoMove","button"
"LassoMenuChild/lassoCopyButton","LassoMenuChild/lassocopyicon","","graphic"
"lassoMenuChild/lassoCopyButton","toolmenuChild/toolmenuButton1","lassoMove","button"
"lassoMenuChild/lassoCopyButton","lassoMenuChild/lassocopyicon","","graphic"
"LassoMenuChild/lassoLayerMergeButton","toolmenuChild/toolmenuButton1","traceButtonMini","button"
"LassoMenuChild/lassoLayerMergeButton","LassoMenuChild/lassoLayerMergeIcon","","graphic"
"lassoMenuChild/lassoLayerMergeButton","toolmenuChild/toolmenuButton1","traceButtonMini","button"
"lassoMenuChild/lassoLayerMergeButton","lassoMenuChild/lassoLayerMergeIcon","","graphic"
"LassoMenuChild/lassoLayerSwap","toolmenuChild/toolmenuButton1","toolZoom","button"
"LassoMenuChild/lassoLayerSwap","LassoMenuChild/lassoSwapLayerIcon","","graphic"
"lassoMenuChild/lassoLayerSwap","toolmenuChild/toolmenuButton1","toolZoom","button"
"lassoMenuChild/lassoLayerSwap","lassoMenuChild/lassoSwapLayerIcon","","graphic"
"LassoMenuChild/lassoMirrorButton","toolmenuChild/toolmenuButton1","lassoMove","button"
"LassoMenuChild/lassoMirrorButton","toolmenuChild/icons/mirrorIcon","","graphic"
"lassoMenuChild/lassoMirrorButton","toolmenuChild/toolmenuButton1","lassoMove","button"
"lassoMenuChild/lassoMirrorButton","toolmenuChild/icons/mirrorIcon","","graphic"
"LassoMenuChild/lassoOKButton","toolmenuChild/toolmenuButton1","lassoResize","button"
"LassoMenuChild/lassoOKButton","LassoMenuChild/okIcon","","graphic"
"lassoMenuChild/lassoOKButton","toolmenuChild/toolmenuButton1","lassoResize","button"
"lassoMenuChild/lassoOKButton","lassoMenuChild/okIcon","","graphic"
"LassoMenuChild/lassoRefLayerTransferImageButton","toolmenuChild/toolmenuButton1","traceButtonMini","button"
"LassoMenuChild/lassoRefLayerTransferImageButton","topMenuChild/reflayertransferimage","","graphic"
"LassoMenuChild/lassoResizeButton","toolmenuChild/toolmenuButton1","lassoResize","button"
"LassoMenuChild/lassoResizeButton","toolmenuChild/icons/resizeIcon","","graphic"
"lassoMenuChild/lassoResizeButton","toolmenuChild/toolmenuButton1","lassoResize","button"
"lassoMenuChild/lassoResizeButton","toolmenuChild/resizeIcon","","graphic"
"LassoMenuChild/lassoRotateButton","toolmenuChild/toolmenuButton1","","button"
"LassoMenuChild/lassoRotateButton","LassoMenuChild/rotateIcon2","","graphic"
"lassoMenuChild/lassoRotateButton","toolmenuChild/toolmenuButton1","","button"
"lassoMenuChild/lassoRotateButton","lassoMenuChild/rotateIcon2","","graphic"
"LassoMenuChild/lassoTraceButton","toolmenuChild/toolmenuButton1","traceButtonMini","button"
"LassoMenuChild/lassoTraceButton","topMenuChild/traceIconTrace","","graphic"
"lassoMenuChild/lassoTraceButton","toolmenuChild/toolmenuButton1","traceButtonMini","button"
"lassoMenuChild/lassoTraceButton","topMenuChild/traceIconTrace","","graphic"
"LassoMenuChild/refMirrorImageButton","toolmenuChild/toolmenuButton1","","button"
"LassoMenuChild/refMirrorImageButton","toolmenuChild/icons/mirrorIcon","","graphic"
"LassoMenuChild/refMoveImageButton","toolmenuChild/toolmenuButton1","","button"
"LassoMenuChild/refMoveImageButton","toolmenuChild/icons/toolMoveIcon","","graphic"
"LassoMenuChild/refResizeImageButton","toolmenuChild/toolmenuButton1","","button"
"LassoMenuChild/refResizeImageButton","toolmenuChild/icons/resizeIcon","","graphic"
"LassoMenuChild/refRotateImageButton","toolmenuChild/toolmenuButton1","","button"
"LassoMenuChild/refRotateImageButton","LassoMenuChild/rotateIcon2","","graphic"
"LassoMenuChild/traceMirrorButton","toolmenuChild/toolmenuButton1","","button"
"LassoMenuChild/traceMirrorButton","toolmenuChild/icons/mirrorIcon","","graphic"
"lassoMenuChild/traceMirrorButton","toolmenuChild/toolmenuButton1","","button"
"lassoMenuChild/traceMirrorButton","toolmenuChild/icons/mirrorIcon","","graphic"
"LassoMenuChild/traceMoveButton","toolmenuChild/toolmenuButton1","","button"
"LassoMenuChild/traceMoveButton","toolmenuChild/icons/toolMoveIcon","","graphic"
"lassoMenuChild/traceMoveButton","toolmenuChild/toolmenuButton1","","button"
"lassoMenuChild/traceMoveButton","toolmenuChild/icons/toolMoveIcon","","graphic"
"lassoMenuChild/traceResizeButton","toolmenuChild/toolmenuButton1","","button"
"lassoMenuChild/traceResizeButton","toolmenuChild/resizeIcon","","graphic"
"lassoMenuChild/traceRotateButton","toolmenuChild/toolmenuButton1","","button"
"lassoMenuChild/traceRotateButton","lassoMenuChild/rotateIcon2","","graphic"
"LoadBoxChild/dragDropCancelButton","LoadBoxChild/loadBoxMini","dragDropCancelButton","button"
"loadBoxChild/dragDropCancelButton","loadBoxChild/loadBoxMini","dragDropCancelButton","button"
"loadBoxChild/dragDropCancelButton","loadBoxChild/loadBoxMini","dragDropCancelButton","button"
"LoadBoxChild/dragDropFileButton","LoadBoxChild/loadBoxMini","dragDropFileButton","button"
"loadBoxChild/dragDropFileButton","loadBoxChild/loadBoxMini","dragDropFileButton","button"
"loadBoxChild/dragDropFileButton","loadBoxChild/loadBoxMini","dragDropFileButton","button"
"LoadBoxChild/dragDropFileSaveButton","LoadBoxChild/loadBoxMini","dragDropFileButton","button"
"LoadBoxChild/dragDropRefButton","LoadBoxChild/loadBoxMini","dragDropRefButton","button"
"loadBoxChild/dragDropRefButton","loadBoxChild/loadBoxMini","dragDropRefButton","button"
"loadBoxChild/dragDropRefButton","loadBoxChild/loadBoxMini","dragDropRefButton","button"
"PenControlBoxChild/layer1MergeButton","etc/layerOptionsBG","","graphic"
"PenControlBoxChild/layer1MergeButton","PenControlBoxChild/layer1MergeIcon","","graphic"
"PenControlBoxChild/layer1MergeButton","etc/layerOptionsBG","","graphic"
"PenControlBoxChild/layer1MergeButton","PenControlBoxChild/layer1MergeIcon","","graphic"
"PenControlBoxChild/layer1MergeButton","etc/layerOptionsBG","","graphic"
"PenControlBoxChild/layer1MergeButton","PenControlBoxChild/layer1MergeIcon","","graphic"
"PenControlBoxChild/layer1MergeButton","etc/layerOptionsBG","","graphic"
"PenControlBoxChild/layer1MergeButton","PenControlBoxChild/layer1MergeIcon","","graphic"
"PenControlBoxChild/layerSwapButton","etc/layerOptionsBG","","graphic"
"PenControlBoxChild/layerSwapButton","PenControlBoxChild/layerSwapIcon","","graphic"
"PenControlBoxChild/layerSwapButton","etc/layerOptionsBG","","graphic"
"PenControlBoxChild/layerSwapButton","PenControlBoxChild/layerSwapIcon","","graphic"
"PenControlBoxChild/layerSwapButton","etc/layerOptionsBG","","graphic"
"PenControlBoxChild/layerSwapButton","PenControlBoxChild/layerSwapIcon","","graphic"
"PenControlBoxChild/layerSwapButton","etc/layerOptionsBG","","graphic"
"PenControlBoxChild/layerSwapButton","PenControlBoxChild/layerSwapIcon","","graphic"
"PenControlBoxChild/penboxShapeCircle","PenControlBoxChild/circleshapeBG","","graphic"
"PenControlBoxChild/penboxShapeCircle","PenControlBoxChild/shapecircle","","graphic"
"PenControlBoxChild/penboxShapeCircle","PenControlBoxChild/circleshapeBG","","graphic"
"PenControlBoxChild/penboxShapeCircle","PenControlBoxChild/shapecircle","","graphic"
"PenControlBoxChild/penboxShapeCircle","PenControlBoxChild/circleshapeBG","","graphic"
"PenControlBoxChild/penboxShapeCircle","PenControlBoxChild/shapecircle","","graphic"
"PenControlBoxChild/penboxShapeCircle","PenControlBoxChild/circleshapeBG","","graphic"
"PenControlBoxChild/penboxShapeCircle","PenControlBoxChild/shapecircle","","graphic"
"PenControlBoxChild/penBoxShapeRect","PenControlBoxChild/shaperectBG","","graphic"
"PenControlBoxChild/penBoxShapeRect","PenControlBoxChild/shaperect","","graphic"
"PenControlBoxChild/penBoxShapeRect","PenControlBoxChild/shaperectBG","","graphic"
"PenControlBoxChild/penBoxShapeRect","PenControlBoxChild/shaperect","","graphic"
"PenControlBoxChild/penBoxShapeRect","PenControlBoxChild/shaperectBG","","graphic"
"PenControlBoxChild/penBoxShapeRect","PenControlBoxChild/shaperect","","graphic"
"PenControlBoxChild/penBoxShapeRect","PenControlBoxChild/shaperectBG","","graphic"
"PenControlBoxChild/penBoxShapeRect","PenControlBoxChild/shaperect","","graphic"
"PenControlBoxChild/pixelSnapButton1","etc/layerOptionsBG","","graphic"
"PenControlBoxChild/pixelSnapButton2","etc/layerOptionsBG","","graphic"
"PenControlBoxChild/subLayerText copy","etc/layerOptionsBG","","graphic"
"PenControlBoxChild/subLayerText copy","PenControlBoxChild/layer2TextIcon","","graphic"
"PenControlBoxChild/subLayerText copy","etc/layerOptionsBG","","graphic"
"PenControlBoxChild/subLayerText copy","PenControlBoxChild/layer2TextIcon","","graphic"
"PenControlBoxChild/subLayerText copy","etc/layerOptionsBG","","graphic"
"PenControlBoxChild/subLayerText copy","PenControlBoxChild/layer2TextIcon","","graphic"
"PenControlBoxChild/subLayerText copy","etc/layerOptionsBG","","graphic"
"PenControlBoxChild/subLayerText copy","PenControlBoxChild/layer2TextIcon","","graphic"
"PenControlBoxChild/subLayerText","etc/layerOptionsBG","","graphic"
"PenControlBoxChild/subLayerText","PenControlBoxChild/layer1TextIcon","","graphic"
"PenControlBoxChild/subLayerText","etc/layerOptionsBG","","graphic"
"PenControlBoxChild/subLayerText","PenControlBoxChild/layer1TextIcon","","graphic"
"PenControlBoxChild/subLayerText","etc/layerOptionsBG","","graphic"
"PenControlBoxChild/subLayerText","PenControlBoxChild/layer1TextIcon","","graphic"
"PenControlBoxChild/subLayerText","etc/layerOptionsBG","","graphic"
"PenControlBoxChild/subLayerText","PenControlBoxChild/layer1TextIcon","","graphic"
"refLayerMenuChild/refClearImageButton","toolmenuChild/toolmenuButton1","","button"
"refLayerMenuChild/refClearImageButton","refLayerMenuChild/trashIcon","","graphic"
"refLayerMenuChild/refClipBoardButton","toolmenuChild/toolmenuButton1","traceButtonMini","button"
"refLayerMenuChild/refClipBoardButton","refLayerMenuChild/refClipBoardIcon","","graphic"
"refLayerMenuChild/refLoadImageButton","toolmenuChild/toolmenuButton1","traceButtonMini","button"
"refLayerMenuChild/refLoadImageButton","topMenuChild/refLoadImageIcon","","graphic"
"refLayerMenuChild/refMemoryTrainingClosedEye","toolmenuChild/toolmenuButton1","","button"
"refLayerMenuChild/refMemoryTrainingClosedEye","refLayerMenuChild/refMemoryTrainingCloseEye","","graphic"
"refLayerMenuChild/refMemoryTrainingOpenedEye","toolmenuChild/toolmenuButton1","","button"
"refLayerMenuChild/refMemoryTrainingOpenedEye","refLayerMenuChild/refMemoryTrainingOpenEye","","graphic"
"refLayerMenuChild/refTransferCanvasImageButton","toolmenuChild/toolmenuButton1","traceButtonMini","button"
"refLayerMenuChild/refTransferCanvasImageButton","topMenuChild/reflayertransferimage","","graphic"
"toolmenuChild/lassoButton","toolmenuChild/toolBoxBG2","","button"
"toolmenuChild/lassoButton","toolmenuChild/icons/lassoIcon","","graphic"
"toolmenuChild/lineButton2","toolmenuChild/toolBoxBG2","","button"
"toolmenuChild/lineButton2","toolmenuChild/icons/lineicon2 copy","","graphic"
"toolmenuChild/mirrorButton","toolmenuChild/toolBoxBG2","","button"
"toolmenuChild/mirrorButton","toolmenuChild/icons/mirrorIcon","","graphic"
"toolmenuChild/moveButton","toolmenuChild/toolBoxBG2","","button"
"toolmenuChild/moveButton","toolmenuChild/icons/toolMoveIcon","","graphic"
"toolmenuChild/quickSidebarButton","toolmenuChild/toolBoxBG2","","button"
"toolmenuChild/redoButton","toolmenuChild/toolBoxBG2","","button"
"toolmenuChild/redoButton","toolmenuChild/icons/undoIcon","","button"
"toolmenuChild/rotateButton","toolmenuChild/toolBoxBG2","","button"
"toolmenuChild/rotateButton","LassoMenuChild/rotateIcon2","","graphic"
"toolmenuChild/spuitButton","toolmenuChild/toolBoxBG2","","button"
"toolmenuChild/spuitButton","toolmenuChild/icons/spuitIcon","","graphic"
"toolmenuChild/toolEraseButton","toolmenuChild/toolBoxBG2","","button"
"toolmenuChild/toolEraseButton","toolmenuChild/icons/toolEraseIcon","","graphic"
"toolmenuChild/toolFillPenButton","toolmenuChild/toolBoxBG2","","button"
"toolmenuChild/toolFillPenButton","toolmenuChild/icons/toolFillPenIcon","","graphic"
"toolmenuChild/toolMenuClose","toolmenuChild/toolmenuButton1","","button"
"toolmenuChild/toolMenuClose","refLayerMenuChild/refCloseIcon","","graphic"
"toolmenuChild/toolPenButton","toolmenuChild/toolBoxBG2","","button"
"toolmenuChild/toolPenButton","toolmenuChild/icons/toolPenIcon","","graphic"
"toolmenuChild/undoButton","toolmenuChild/toolBoxBG2","","button"
"toolmenuChild/undoButton","toolmenuChild/icons/undoIcon","","button"
"toolmenuChild/zoomButton","toolmenuChild/toolBoxBG2","","button"
"toolmenuChild/zoomButton","toolmenuChild/icons/zoomIcon","","graphic"
"toolmenuChild/zoomInButton","toolmenuChild/toolBoxBG2","","button"
"toolmenuChild/zoomInButton","toolmenuChild/icons/zoomIcon copy","","graphic"
"toolmenuChild/zoomOutButton","toolmenuChild/toolBoxBG2","","button"
"toolmenuChild/zoomOutButton","toolmenuChild/icons/zoomIcon copy 2","","graphic"
"topMenuChild/aboutONButton2","topMenuChild/topMenuButton","","button"
"topMenuChild/capCancelButton","topMenuChild/topMenuButton","","button"
"topMenuChild/capCancelButton","topMenuChild/capofficon","","graphic"
"topMenuChild/capFlip","topMenuChild/topMenuButton","","button"
"topMenuChild/capFlip","topMenuChild/capFlipIcon","","graphic"
"topMenuChild/capLayer1VisibleButton","topMenuChild/topMenuButton","","button"
"topMenuChild/capLayer1VisibleButton","topMenuChild/capLayer1VisibleIcon","","graphic"
"topMenuChild/capLayer2visibleButton","topMenuChild/topMenuButton","","button"
"topMenuChild/capLayer2visibleButton","topMenuChild/capLayer2VisibleIcon","","graphic"
"topMenuChild/capRotateButton","topMenuChild/topMenuButton","","button"
"topMenuChild/capRotateButton","topMenuChild/caprotate.svg","","graphic"
"topMenuChild/capStampButton","topMenuChild/topMenuButton","","button"
"topMenuChild/capStampButton","topMenuChild/capStampIcon","","graphic"
"topMenuChild/capStampFont","topMenuChild/topMenuButton","","button"
"topMenuChild/capStampFont","topMenuChild/capStampFontIcon","","graphic"
"topMenuChild/captrans","topMenuChild/topMenuButton","","button"
"topMenuChild/captrans","topMenuChild/transBGIcon","","graphic"
"topMenuChild/captureButton","topMenuChild/topMenuButton","","button"
"topMenuChild/captureButton","topMenuChild/cameraicon","","graphic"
"topMenuChild/changeThemeButton","topMenuChild/topMenuButton","","button"
"topMenuChild/changeThemeButton","topMenuChild/themeIcon","","graphic"
"topMenuChild/clipbutton","topMenuChild/topMenuButton","","button"
"topMenuChild/clipbutton","topMenuChild/clipBoardIconTopBar","","graphic"
"topMenuChild/controlBoxMoveButton1","topMenuChild/topMenuButton","","button"
"topMenuChild/controlBoxMoveButton1","topMenuChild/controlBoxMoveIcon","","button"
"topMenuChild/controlBoxMoveButton2","topMenuChild/topMenuButton","","button"
"topMenuChild/controlBoxMoveButton2","topMenuChild/controlBoxMoveIcon","","button"
"topMenuChild/cutPrevDataButton","topMenuChild/topMenuButton","","button"
"topMenuChild/cutPrevDataButton","topMenuChild/cutPrevDataIcon","","graphic"
"topMenuChild/DPIButton","topMenuChild/topMenuButton","","button"
"topMenuChild/DPIButton","topMenuChild/DPIIcon","","graphic"
"topMenuChild/drawModeButton","topMenuChild/topMenuButton","","button"
"topMenuChild/drawModeButton","topMenuChild/drawmodeIcon","","graphic"
"topMenuChild/fitToWindowButton","topMenuChild/topMenuButton","","button"
"topMenuChild/fitToWindowButton","topMenuChild/fitToWindowIcon","","graphic"
"topMenuChild/gridButton","topMenuChild/topMenuButton","","button"
"topMenuChild/gridButton","topMenuChild/gridicon","","graphic"
"topMenuChild/gridMoveDownButton","topMenuChild/topMenuButton","","button"
"topMenuChild/gridMoveDownButton","topMenuChild/gridMoveIcon","","graphic"
"topMenuChild/gridMoveLeftButton","topMenuChild/topMenuButton","","button"
"topMenuChild/gridMoveLeftButton","topMenuChild/gridMoveIcon","","graphic"
"topMenuChild/gridMoveRightButton","topMenuChild/topMenuButton","","button"
"topMenuChild/gridMoveRightButton","topMenuChild/gridMoveIcon","","graphic"
"topMenuChild/gridMoveUpButton","topMenuChild/topMenuButton","","button"
"topMenuChild/gridMoveUpButton","topMenuChild/gridMoveIcon","","graphic"
"topMenuChild/loadButton","topMenuChild/topMenuButton","","button"
"topMenuChild/newFileButton","topMenuChild/topMenuButton","","button"
"topMenuChild/newFileButton","topMenuChild/clearIcon2","","graphic"
"topMenuChild/newWindowButton","topMenuChild/topMenuButton","","button"
"topMenuChild/newWindowButton","topMenuChild/newWindowIcon","","graphic"
"topMenuChild/newWindowCloseButton","topMenuChild/topMenuButton","","button"
"topMenuChild/newWindowCloseButton","topMenuChild/newWindowCloseIcon","","graphic"
"topMenuChild/pauseButton","topMenuChild/topMenuButton","","button"
"topMenuChild/pauseButton","topMenuChild/pause.svg","","graphic"
"topMenuChild/pauseButton","topMenuChild/topMenuButton","","button"
"topMenuChild/pauseButton","topMenuChild/pause.svg","","graphic"
"topMenuChild/pauseButton","topMenuChild/topMenuButton","","button"
"topMenuChild/pauseButton","topMenuChild/pause.svg","","graphic"
"topMenuChild/pauseButton","topMenuChild/topMenuButton","","button"
"topMenuChild/pauseButton","topMenuChild/pause.svg","","graphic"
"topMenuChild/playButton","topMenuChild/topMenuButton","","button"
"topMenuChild/playButton","topMenuChild/playicon","","graphic"
"topMenuChild/playButton","topMenuChild/topMenuButton","","button"
"topMenuChild/playButton","topMenuChild/playicon","","graphic"
"topMenuChild/playButton","topMenuChild/topMenuButton","","button"
"topMenuChild/playButton","topMenuChild/playicon","","graphic"
"topMenuChild/playButton","topMenuChild/topMenuButton","","button"
"topMenuChild/playButton","topMenuChild/playicon","","graphic"
"topMenuChild/refLayerMenuButton","toolmenuChild/toolBoxBG2","","button"
"topMenuChild/refLayerMenuButton","topMenuChild/reflayertransferimage","","graphic"
"topMenuChild/replayModeButton","topMenuChild/topMenuButton","","button"
"topMenuChild/replayModeButton","topMenuChild/video-player-outline.svg","","graphic"
"topMenuChild/replayRepeatButton","topMenuChild/topMenuButton","","button"
"topMenuChild/replayRepeatButton","topMenuChild/repeatIcon","","graphic"
"topMenuChild/replayRotate","topMenuChild/topMenuButton","","button"
"topMenuChild/replayRotate","LassoMenuChild/rotateIcon2","","graphic"
"topMenuChild/replayTimeOneFrame copy","topMenuChild/topMenuButton","","button"
"topMenuChild/replayTimeOneFrame copy","topMenuChild/stepicon","","graphic"
"topMenuChild/replayTimeOneFrame copy","topMenuChild/topMenuButton","","button"
"topMenuChild/replayTimeOneFrame copy","topMenuChild/stepicon","","graphic"
"topMenuChild/replayTimeOneFrame copy","topMenuChild/topMenuButton","","button"
"topMenuChild/replayTimeOneFrame copy","topMenuChild/stepicon","","graphic"
"topMenuChild/replayTimeOneFrame copy","topMenuChild/topMenuButton","","button"
"topMenuChild/replayTimeOneFrame copy","topMenuChild/stepicon","","graphic"
"topMenuChild/replayTimeOneFrame","topMenuChild/topMenuButton","","button"
"topMenuChild/replayTimeOneFrame","topMenuChild/stepicon","","graphic"
"topMenuChild/replayTimeOneFrame","topMenuChild/topMenuButton","","button"
"topMenuChild/replayTimeOneFrame","topMenuChild/stepicon","","graphic"
"topMenuChild/replayTimeOneFrame","topMenuChild/topMenuButton","","button"
"topMenuChild/replayTimeOneFrame","topMenuChild/stepicon","","graphic"
"topMenuChild/replayTimeOneFrame","topMenuChild/topMenuButton","","button"
"topMenuChild/replayTimeOneFrame","topMenuChild/stepicon","","graphic"
"topMenuChild/saveButton","topMenuChild/topMenuButton","","button"
"topMenuChild/saveButton","topMenuChild/savefile.svg","","graphic"
"topMenuChild/setImageButton","topMenuChild/topMenuButton","","button"
"topMenuChild/setImageButton","topMenuChild/cutPrevDataIcon","","graphic"
"topMenuChild/sideBarOnButton","topMenuChild/topMenuButton","","button"
"topMenuChild/sideBarOnButton","topMenuChild/sideBarONIcon","side","button"
"topMenuChild/sideBarONButton2","topMenuChild/topMenuButton","","button"
"topMenuChild/sideBarONButton2","topMenuChild/sideBarONIcon","side","button"
"topMenuChild/sideBarVisibleButton","topMenuChild/topMenuButton","","button"
"topMenuChild/sideBarVisibleButton","topMenuChild/sidebarVisibleIcon","","graphic"
"topMenuChild/sideBarVisibleButton2","topMenuChild/topMenuButton","","button"
"topMenuChild/sideBarVisibleButton2","topMenuChild/sidebarVisibleIcon","","graphic"
"topMenuChild/topBarZoomInButton","topMenuChild/topMenuButton","","button"
"topMenuChild/topBarZoomInButton","toolmenuChild/icons/zoomIcon copy","","graphic"
"topMenuChild/topBarZoomOutButton","topMenuChild/topMenuButton","","button"
"topMenuChild/topBarZoomOutButton","toolmenuChild/icons/zoomIcon copy 2","","graphic"
"topMenuChild/traceClipButton","toolmenuChild/toolmenuButton1","traceButtonMini","button"
"topMenuChild/traceClipButton","clipBoardIconTrace","","graphic"
"topMenuChild/traceImageButton","toolmenuChild/toolmenuButton1","traceButtonMini","button"
"topMenuChild/traceImageButton","topMenuChild/traceIconTrace","","graphic"
"topMenuChild/traceLoadButton","toolmenuChild/toolmenuButton1","traceButtonMini","button"
"topMenuChild/traceLoadButton","topMenuChild/loadIconTrace","","graphic"
"topMenuChild/updateButton","topMenuChild/topMenuButton","","button"
"topMenuChild/updateButton","topMenuChild/updateIcon","","graphic"
"TraceMenuChild/traceClipButton","toolmenuChild/toolmenuButton1","traceButtonMini","button"
"TraceMenuChild/traceClipButton","TraceMenuChild/traceclipBoardIcon","","graphic"
"TraceMenuChild/traceDeleteButton","toolmenuChild/toolmenuButton1","","button"
"TraceMenuChild/traceDeleteButton","TraceMenuChild/trashIcon","","graphic"
"TraceMenuChild/traceImageButton","toolmenuChild/toolmenuButton1","traceButtonMini","button"
"TraceMenuChild/traceImageButton","topMenuChild/traceIconTrace","","graphic"
"TraceMenuChild/traceLoadButton","toolmenuChild/toolmenuButton1","traceButtonMini","button"
"TraceMenuChild/traceLoadButton","topMenuChild/loadIconTrace","","graphic"
"TraceMenuChild/traceVisible2Button","toolmenuChild/toolmenuButton1","","button"
"TraceMenuChild/traceVisible2Button","TraceMenuChild/traceInVisibleIcon","","graphic"
"TraceMenuChild/traceVisibleButton","toolmenuChild/toolmenuButton1","","button"
"TraceMenuChild/traceVisibleButton","TraceMenuChild/traceVisibleIcon","","graphic"
